Name,Age,Salary,Department,Experience,City
1.414213562373095,-1.3501250433855876,-1.1359236684941296,1.0690449676496976,-0.7254762501100117,-0.5883484054145521
-1.414213562373095,-0.6532863113156069,0.2839809171235324,-0.2672612419124243,0.0,0.392232270276368
-0.7071067811865475,1.6114395679118303,1.7038855027411945,-1.6035674514745462,1.8136906252750293,-1.5689290811054721
0.0,0.0,-0.8519427513705973,1.0690449676496976,-1.0882143751650175,1.372812945967288
0.7071067811865475,0.3919717867893641,0.0,-0.2672612419124243,0.0,0.392232270276368
